"review_id","star_rating","total_votes","helpful_votes","vine","verified_purchase"
"R2INH817LTJFGI",5,20,18,"Y","N"
"R3N4QAXTQCA1ED",5,20,18,"Y","N"
"R3R0F8ETAGTIOT",5,20,14,"Y","N"
"R3KAW29CJ8L6DQ",5,20,17,"Y","N"
"R369DSVA6AH6SB",5,21,16,"Y","N"
"R3QJ1YLOZNKQ4L",5,22,19,"Y","N"
"RF41VQVEOQ4DV",5,22,17,"Y","N"
"R10FO5UKKVZBK2",3,23,23,"Y","N"
"ROXZOMHBY8Y9S",4,23,21,"Y","N"
"R7CIUV543EN2I",4,23,19,"Y","N"
"RKKMH184GEHKD",5,23,19,"Y","N"
"REAX2MY43TDPR",2,23,19,"Y","N"
"REQZP78LTC0EY",4,23,21,"Y","N"
"R2JJLTBVU6R54W",5,23,16,"Y","N"
"R1PU7JY8XL5M1N",5,24,19,"Y","N"
"RM4KSGEOR7MU1",5,24,19,"Y","N"
"RQ5WD90PUNBU9",5,24,21,"Y","N"
"R2GYO7WKCP4TOM",3,25,18,"Y","N"
"R10P2XVXA9DYTO",5,25,21,"Y","N"
"RKG407AVAZXBQ",3,25,22,"Y","N"
"RNRUIQVK27RDZ",3,25,17,"Y","N"
"RG7VRMYLEXD23",4,26,22,"Y","N"
"R1L8N6VFY5KDSU",5,26,23,"Y","N"
"RIUKST053BR2K",5,26,25,"Y","N"
"R11O4YSCPSNL6L",3,26,20,"Y","N"
"R1JRR530H4COA2",5,28,22,"Y","N"
"R12648VHCQWUV9",4,28,21,"Y","N"
"R3EPHK0JGQGE91",5,28,21,"Y","N"
"R3SJ9VQH252UZH",4,29,23,"Y","N"
"RCOQQGUKAE6L1",5,29,29,"Y","N"
"R13Z4M71WMGPPQ",3,30,26,"Y","N"
"R14BNKJCUQWDUC",3,30,23,"Y","N"
"R1O83O7BRYQ7KN",5,31,29,"Y","N"
"R3CMWDEYCJM2O9",1,31,24,"Y","N"
"R1TNOMT3O5DZ0Z",4,32,27,"Y","N"
"R2EDL85YVF0PRA",5,32,23,"Y","N"
"R1AUN45E8F5CJ0",5,33,30,"Y","N"
"R2OWPC3GFA3377",5,34,30,"Y","N"
"R1QTD3QXCKGOG0",5,34,34,"Y","N"
"R2EEE0PNGZ3PJQ",5,35,29,"Y","N"
"R324LVYMIC7XRG",5,35,26,"Y","N"
"R1QEQVDF9S7BDX",2,35,32,"Y","N"
"R1W1YY3QZDVKK3",2,36,26,"Y","N"
"R15ARADYJE29FK",3,36,33,"Y","N"
"R2VKXE5N2C894W",4,37,35,"Y","N"
"R1IN4WPVLZB86G",5,37,34,"Y","N"
"R2F4496USMWM4P",3,37,34,"Y","N"
"RHMTNQIETRCP3",3,39,37,"Y","N"
"R8YT75NJW0CM9",4,40,37,"Y","N"
"R2TYARK2PB70B4",3,40,31,"Y","N"
"R2UP7VTED8O425",5,41,35,"Y","N"
"R61QRS16PUHET",5,41,38,"Y","N"
"RW25NTS59UG55",4,43,39,"Y","N"
"RLPTVGLU0JQIP",3,45,42,"Y","N"
"RCT9S84KQ90SH",5,45,34,"Y","N"
"R3T4LTJ189G0LT",4,45,37,"Y","N"
"R29NYQS1ZI0S9M",2,45,38,"Y","N"
"R3ASJ9SENYYYI0",5,46,40,"Y","N"
"R23IZKYWY8KS3G",5,47,46,"Y","N"
"R1CUA6APLIFSG9",5,49,39,"Y","N"
"RY0555ILXIYXW",5,50,38,"Y","N"
"R286MFBAJ8NPD6",5,51,46,"Y","N"
"R2XT37DDSZ8ROK",3,53,28,"Y","N"
"R3G8TJFS85W1F3",4,54,47,"Y","N"
"R21XZ4106KY38X",3,58,45,"Y","N"
"RCP3KRO47S0GG",4,58,51,"Y","N"
"R1OWK33OPI45KT",5,58,55,"Y","N"
"R1UBDJF7PWB8BL",2,59,43,"Y","N"
"R20J4UHHFEARY9",5,59,48,"Y","N"
"R147GE7N7DBNSK",5,60,55,"Y","N"
"R26T1V8WQC1Y04",5,61,57,"Y","N"
"R28UP3IBHIAL2D",5,62,58,"Y","N"
"R3NGUZ07DTUUSY",3,62,53,"Y","N"
"R3KKUSGFZWSUIY",5,63,56,"Y","N"
"R2PAI2NBY6COGX",5,69,66,"Y","N"
"R1F6Q0N6CMCL9P",4,71,66,"Y","N"
"R34V427QP1YKW6",4,73,68,"Y","N"
"R4LQC6M9AVXAY",5,75,69,"Y","N"
"RYBLWBAL5M1AY",4,76,68,"Y","N"
"R1A7M6ADCYEE81",5,86,71,"Y","N"
"R32E08LN5RWBFO",5,88,66,"Y","N"
"R18ZPXBNV1SMSH",4,102,84,"Y","N"
"R3JT907UUA1WUI",4,103,85,"Y","N"
"RV8FVXVWTEAX",4,107,97,"Y","N"
"RAJUF4C24770F",3,110,89,"Y","N"
"R2X88G5QRKPDH7",5,124,121,"Y","N"
"R3UWL59Y9GD0T4",4,126,111,"Y","N"
"R23WY68NT94WKE",5,143,125,"Y","N"
"R1FE1OLQ4T3T1Q",4,182,179,"Y","N"
"R24PS9N276OXF4",5,262,241,"Y","N"
"RKP2RJF5YKXJ3",4,279,259,"Y","N"
"R2UB214GH2M6LV",5,340,321,"Y","N"
"R1X29HLKI4XO6C",4,357,331,"Y","N"
"RNU8PK609WT6P",4,362,347,"Y","N"
